id,name,age,salary,department,source
1,Jon Snow,23,42002,Engineering,TV Series
2,Geralt of Rivia,32,148567,Data,Movie
3,Arya Stark,55,34844,Engineering,TV Series
4,Naruto Uzumaki,51,116388,Sales,TV Series
5,Peter Parker,45,101171,Marketing,Movie
6,Harry Potter,59,144543,Operations,TV Series
7,Tony Stark,59,53762,Data,Movie
8,Geralt of Rivia,36,37901,Sales,TV Series
9,Ciri,31,131895,Operations,TV Series
10,Peter Parker,50,109369,Engineering,TV Series
11,Geralt of Rivia,37,135518,Engineering,Movie
12,Daenerys Targaryen,22,130736,Engineering,TV Series
13,Sasuke Uchiha,25,47630,Operations,TV Series
14,Daenerys Targaryen,32,130170,Marketing,Movie
15,Kakashi Hatake,41,139346,Data,Movie
16,Ciri,28,82889,Engineering,Movie
17,Harry Potter,49,60842,Finance,Movie
18,Thomas Shelby,59,112939,Operations,Movie
19,Kakashi Hatake,38,65008,Marketing,Movie
20,Tony Stark,19,79577,Finance,Movie
21,Jon Snow,26,92993,Data,TV Series
22,Geralt of Rivia,31,59130,Finance,Movie
23,Kakashi Hatake,51,47897,Operations,Movie
24,Walter White,57,145506,Engineering,Movie
25,Daenerys Targaryen,53,59211,Engineering,Movie
26,Peter Parker,30,99670,Engineering,Movie
27,Sasuke Uchiha,44,61307,Finance,Movie
28,John Watson,19,122384,Data,TV Series
29,Thomas Shelby,23,51192,Finance,Movie
30,Bruce Wayne,52,101077,Operations,TV Series
31,Harry Potter,41,102746,Engineering,Movie
32,Tyrion Lannister,30,116986,Engineering,TV Series
33,Michael Scofield,18,66364,Engineering,TV Series
34,Tony Stark,45,35830,Data,Movie
35,Tony Stark,44,46046,Sales,Movie
36,Daenerys Targaryen,50,123001,Engineering,Movie
37,Tony Stark,33,116926,Engineering,TV Series
38,Bruce Wayne,30,68122,Finance,Movie
39,Hermione Granger,43,121032,Data,Movie
40,Walter White,60,97363,Sales,Movie
41,Daenerys Targaryen,60,74266,Marketing,Movie
42,Michael Scofield,60,46891,Data,Movie
43,Sherlock Holmes,40,118537,Sales,TV Series
44,Jesse Pinkman,59,118279,Engineering,TV Series
45,Walter White,59,81871,Sales,TV Series
46,Arthur Shelby,51,74792,Sales,Movie
47,Michael Scofield,58,104544,Sales,TV Series
48,Geralt of Rivia,20,141574,Finance,TV Series
49,Thomas Shelby,39,132924,Operations,Movie
50,Sherlock Holmes,34,118756,Data,TV Series
51,Geralt of Rivia,45,129075,Sales,TV Series
52,Kakashi Hatake,52,43279,Marketing,TV Series
53,Arya Stark,57,76924,Data,Movie
54,Saul Goodman,39,103965,Sales,Movie
55,Harry Potter,47,80577,Data,Movie
56,Tony Stark,26,146549,Engineering,Movie
57,Arya Stark,58,114927,Engineering,Movie
58,Tyrion Lannister,33,143994,Data,TV Series
59,Tony Stark,22,64571,Marketing,Movie
60,Saul Goodman,26,45386,Marketing,TV Series
61,Arthur Shelby,18,52185,Finance,TV Series
62,Tyrion Lannister,57,98341,Sales,Movie
63,Arya Stark,28,115200,Marketing,Movie
64,Peter Parker,51,72198,Engineering,TV Series
65,Naruto Uzumaki,21,37459,Sales,TV Series
66,Thomas Shelby,48,56314,Sales,Movie
67,Ron Weasley,21,80864,Operations,TV Series
68,Tyrion Lannister,59,140070,Finance,Movie
69,Sherlock Holmes,21,44773,Data,TV Series
70,Bruce Wayne,26,81783,Engineering,TV Series
71,Ron Weasley,57,116872,Marketing,TV Series
72,Geralt of Rivia,38,149013,Finance,TV Series
73,Bruce Wayne,38,113190,Sales,Movie
74,Walter White,29,49719,Data,Movie
75,Kakashi Hatake,56,126901,Finance,TV Series
76,Michael Scofield,26,119328,Engineering,Movie
77,Arya Stark,36,134170,Marketing,Movie
78,Yennefer,30,117264,Sales,TV Series
79,Yennefer,45,110967,Engineering,Movie
80,Sherlock Holmes,49,136423,Marketing,Movie
81,Hermione Granger,22,104001,Sales,TV Series
82,Tyrion Lannister,38,65123,Marketing,TV Series
83,Michael Scofield,60,120894,Sales,Movie
84,Saul Goodman,33,38227,Operations,TV Series
85,Jesse Pinkman,48,96724,Operations,Movie
86,Thomas Shelby,45,147023,Data,TV Series
87,Daenerys Targaryen,56,96450,Marketing,TV Series
88,John Watson,51,138783,Data,Movie
89,Tyrion Lannister,36,39447,Finance,Movie
90,Walter White,29,91235,Operations,TV Series
91,Arthur Shelby,59,138755,Data,Movie
92,Saul Goodman,55,82950,Engineering,TV Series
93,Michael Scofield,49,51851,Operations,TV Series
94,Peter Parker,43,40289,Engineering,TV Series
95,Tony Stark,30,100653,Data,Movie
96,John Watson,50,143261,Sales,TV Series
97,Ciri,58,138693,Operations,TV Series
98,Naruto Uzumaki,23,140659,Data,Movie
99,Ciri,36,129147,Operations,Movie
100,Walter White,54,80621,Marketing,TV Series
101,Walter White,31,64073,Data,TV Series
102,Jon Snow,29,58077,Marketing,TV Series
103,Hermione Granger,41,120138,Finance,TV Series
104,Geralt of Rivia,43,124119,Data,TV Series
105,Daenerys Targaryen,51,56999,Operations,TV Series
106,Arthur Shelby,33,67224,Finance,Movie
107,Arthur Shelby,40,108023,Sales,Movie
108,Jon Snow,54,78803,Data,Movie
109,Jesse Pinkman,22,86826,Sales,TV Series
110,Ron Weasley,50,67333,Engineering,Movie
111,Geralt of Rivia,60,65300,Operations,Movie
112,Thomas Shelby,32,70389,Data,Movie
113,Tyrion Lannister,37,123981,Engineering,Movie
114,John Watson,56,128919,Operations,TV Series
115,Naruto Uzumaki,36,100744,Marketing,TV Series
116,John Watson,56,108473,Finance,Movie
117,Hermione Granger,21,131821,Data,Movie
118,Jon Snow,42,125007,Data,Movie
119,Sherlock Holmes,57,83126,Engineering,TV Series
120,Tyrion Lannister,25,35681,Operations,TV Series
121,Michael Scofield,59,54892,Finance,Movie
122,Hermione Granger,47,131490,Data,TV Series
123,Bruce Wayne,22,140363,Operations,Movie
124,Peter Parker,38,118576,Engineering,Movie
125,Peter Parker,23,96602,Engineering,TV Series
126,Hermione Granger,51,38793,Operations,TV Series
127,Ron Weasley,45,114916,Marketing,TV Series
128,Bruce Wayne,25,111577,Operations,TV Series
129,Ciri,49,106873,Engineering,TV Series
130,Daenerys Targaryen,30,77815,Sales,TV Series
131,Jesse Pinkman,40,68630,Operations,Movie
132,Naruto Uzumaki,27,65821,Engineering,TV Series
133,Jesse Pinkman,32,45269,Data,TV Series
134,Ron Weasley,40,40980,Sales,Movie
135,Kakashi Hatake,25,65363,Marketing,TV Series
136,Ron Weasley,29,101315,Engineering,TV Series
137,Ron Weasley,45,46782,Finance,TV Series
138,Michael Scofield,46,140145,Finance,Movie
139,Walter White,31,142053,Operations,TV Series
140,Arthur Shelby,54,133293,Operations,Movie
141,Ron Weasley,22,51426,Operations,TV Series
142,Michael Scofield,50,85044,Finance,TV Series
143,Michael Scofield,45,147034,Engineering,TV Series
144,Saul Goodman,23,61170,Engineering,TV Series
145,Harry Potter,56,129172,Engineering,TV Series
146,Sasuke Uchiha,56,112537,Marketing,Movie
147,Thomas Shelby,45,68452,Engineering,Movie
148,Harry Potter,39,97572,Finance,Movie
149,Naruto Uzumaki,37,63070,Finance,TV Series
150,Michael Scofield,47,115092,Marketing,TV Series
151,Ciri,31,30446,Engineering,Movie
152,John Watson,25,80706,Finance,TV Series
153,Jesse Pinkman,40,65587,Marketing,TV Series
154,Jon Snow,49,138537,Marketing,Movie
155,Sasuke Uchiha,45,134998,Data,Movie
156,Michael Scofield,40,70072,Data,Movie
157,Thomas Shelby,21,119096,Operations,Movie
158,Tyrion Lannister,50,74329,Operations,TV Series
159,Jesse Pinkman,21,36107,Data,TV Series
160,Thomas Shelby,28,94947,Engineering,Movie
161,Tyrion Lannister,59,30569,Marketing,Movie
162,Arya Stark,28,134629,Sales,TV Series
163,Walter White,28,108270,Marketing,TV Series
164,Ron Weasley,44,122563,Operations,Movie
165,Tony Stark,47,147931,Sales,TV Series
166,Jon Snow,42,72580,Operations,Movie
167,Sherlock Holmes,32,93243,Data,Movie
168,Tony Stark,33,40476,Finance,TV Series
169,Jesse Pinkman,26,138409,Finance,Movie
170,Walter White,23,36889,Engineering,TV Series
171,Yennefer,36,33554,Sales,TV Series
172,Naruto Uzumaki,42,149302,Finance,Movie
173,Bruce Wayne,29,145198,Marketing,Movie
174,Thomas Shelby,40,56268,Data,TV Series
175,Saul Goodman,48,79743,Data,Movie
176,Arthur Shelby,21,69933,Sales,TV Series
177,Michael Scofield,37,79847,Finance,Movie
178,Thomas Shelby,50,69221,Finance,Movie
179,Saul Goodman,42,100877,Sales,Movie
180,Tony Stark,20,40879,Engineering,TV Series
181,Jon Snow,23,105561,Data,TV Series
182,Geralt of Rivia,42,66479,Sales,TV Series
183,Harry Potter,34,33889,Operations,TV Series
184,Sasuke Uchiha,55,117553,Engineering,TV Series
185,Jon Snow,31,96032,Engineering,Movie
186,Peter Parker,47,105346,Operations,Movie
187,Thomas Shelby,19,31367,Finance,TV Series
188,John Watson,50,132938,Sales,Movie
189,Bruce Wayne,41,57542,Marketing,Movie
190,Kakashi Hatake,45,131594,Sales,Movie
191,Jon Snow,24,90215,Operations,TV Series
192,Kakashi Hatake,51,41872,Sales,Movie
193,Yennefer,45,115860,Data,TV Series
194,Bruce Wayne,32,147367,Sales,TV Series
195,Ron Weasley,29,96843,Finance,Movie
196,Naruto Uzumaki,39,92526,Marketing,TV Series
197,Geralt of Rivia,27,65666,Finance,TV Series
198,Naruto Uzumaki,27,140058,Finance,TV Series
199,Walter White,54,59630,Data,TV Series
200,Ron Weasley,19,141711,Data,Movie
201,John Watson,56,147144,Operations,TV Series
202,Tony Stark,57,149951,Sales,Movie
203,Ron Weasley,19,88175,Engineering,TV Series
204,Walter White,36,95776,Finance,Movie
205,Daenerys Targaryen,49,74373,Data,TV Series
206,Sherlock Holmes,45,145485,Marketing,TV Series
207,Geralt of Rivia,32,101022,Finance,Movie
208,Arthur Shelby,28,118837,Engineering,Movie
209,Saul Goodman,24,50351,Marketing,TV Series
210,Arthur Shelby,58,114110,Engineering,TV Series
211,Jon Snow,31,62606,Data,Movie
212,Saul Goodman,45,33623,Operations,Movie
213,Naruto Uzumaki,50,131135,Data,TV Series
214,Naruto Uzumaki,54,68863,Engineering,TV Series
215,Bruce Wayne,36,32987,Operations,Movie
216,Michael Scofield,45,145840,Engineering,Movie
217,Yennefer,19,141945,Operations,TV Series
218,Hermione Granger,44,132432,Operations,TV Series
219,Ron Weasley,46,134258,Data,TV Series
220,Hermione Granger,49,122825,Engineering,Movie
221,Saul Goodman,26,42646,Engineering,TV Series
222,Arthur Shelby,47,67004,Data,Movie
223,Sasuke Uchiha,35,127503,Data,Movie
224,Yennefer,51,53688,Data,TV Series
225,Jesse Pinkman,59,30745,Finance,Movie
226,Sasuke Uchiha,39,103151,Engineering,Movie
227,Sherlock Holmes,32,63231,Data,Movie
228,Hermione Granger,40,82963,Data,TV Series
229,Tyrion Lannister,27,82496,Engineering,TV Series
230,Tony Stark,48,127416,Data,TV Series
231,Hermione Granger,51,122384,Marketing,TV Series
232,Tyrion Lannister,19,61870,Operations,Movie
233,Naruto Uzumaki,47,79306,Engineering,Movie
234,Ciri,59,66239,Finance,TV Series
235,Harry Potter,38,82771,Operations,TV Series
236,Peter Parker,23,132529,Marketing,Movie
237,Jesse Pinkman,18,138344,Engineering,Movie
238,Sasuke Uchiha,54,143425,Engineering,Movie
239,Arthur Shelby,35,122427,Finance,Movie
240,Peter Parker,51,60405,Engineering,Movie
241,Arthur Shelby,56,132704,Finance,TV Series
242,John Watson,60,118049,Marketing,Movie
243,Walter White,58,36658,Engineering,TV Series
244,Arya Stark,20,107609,Data,Movie
245,Sasuke Uchiha,53,62615,Operations,Movie
246,Kakashi Hatake,47,45123,Marketing,TV Series
247,Harry Potter,21,90390,Sales,Movie
248,Peter Parker,44,114793,Operations,Movie
249,Ron Weasley,57,93953,Data,Movie
250,Daenerys Targaryen,57,67604,Finance,TV Series
251,Kakashi Hatake,18,96902,Data,Movie
252,Jon Snow,43,91267,Finance,Movie
253,Jon Snow,52,56068,Operations,Movie
254,Michael Scofield,57,145944,Marketing,Movie
255,Sasuke Uchiha,44,92751,Finance,Movie
256,Jon Snow,52,138206,Sales,TV Series
257,Tyrion Lannister,54,135653,Marketing,TV Series
258,Sasuke Uchiha,44,71080,Operations,TV Series
259,Michael Scofield,44,42492,Data,TV Series
260,Kakashi Hatake,53,63181,Finance,TV Series
261,Michael Scofield,59,98226,Data,Movie
262,Peter Parker,54,70512,Data,TV Series
263,Jesse Pinkman,38,84685,Marketing,TV Series
264,Naruto Uzumaki,35,113654,Sales,Movie
265,Thomas Shelby,41,37620,Operations,TV Series
266,Daenerys Targaryen,31,35660,Sales,TV Series
267,Hermione Granger,50,141946,Engineering,Movie
268,Ciri,39,120334,Finance,Movie
269,Geralt of Rivia,55,101145,Engineering,Movie
270,Ciri,38,45301,Marketing,Movie
271,Peter Parker,29,129533,Data,Movie
272,Yennefer,23,87839,Finance,TV Series
273,Ron Weasley,48,41200,Sales,TV Series
274,Arya Stark,25,50761,Marketing,TV Series
275,Daenerys Targaryen,45,146020,Operations,Movie
276,Jesse Pinkman,51,67969,Operations,Movie
277,Ron Weasley,49,47679,Data,Movie
278,Saul Goodman,33,90309,Operations,TV Series
279,Hermione Granger,55,97019,Marketing,TV Series
280,Bruce Wayne,38,56796,Operations,Movie
281,Walter White,28,99671,Engineering,Movie
282,Daenerys Targaryen,52,35577,Data,Movie
283,Hermione Granger,35,94234,Engineering,Movie
284,Hermione Granger,24,64241,Sales,Movie
285,Walter White,35,96535,Sales,TV Series
286,Jesse Pinkman,52,99317,Data,TV Series
287,Sasuke Uchiha,20,43198,Operations,TV Series
288,Saul Goodman,41,101906,Engineering,Movie
289,Michael Scofield,52,48282,Sales,TV Series
290,Arya Stark,49,142406,Engineering,TV Series
291,Saul Goodman,32,62460,Operations,Movie
292,Daenerys Targaryen,39,82575,Operations,Movie
293,Saul Goodman,44,93594,Sales,Movie
294,Tony Stark,48,76762,Marketing,TV Series
295,Tyrion Lannister,20,131732,Sales,TV Series
296,Bruce Wayne,42,118236,Marketing,Movie
297,Jon Snow,41,104963,Sales,Movie
298,Peter Parker,43,43906,Marketing,TV Series
299,Sherlock Holmes,39,72291,Engineering,Movie
300,Tyrion Lannister,53,62986,Data,TV Series
301,Yennefer,32,54875,Data,TV Series
302,Sherlock Holmes,20,146626,Engineering,Movie
303,Jesse Pinkman,39,48521,Finance,Movie
304,Ciri,23,149725,Engineering,Movie
305,Hermione Granger,39,55392,Marketing,TV Series
306,Daenerys Targaryen,29,54073,Sales,TV Series
307,Arya Stark,48,47098,Operations,Movie
308,Geralt of Rivia,45,54196,Finance,TV Series
309,Jesse Pinkman,41,101779,Engineering,TV Series
310,Ciri,20,105787,Engineering,Movie
311,Bruce Wayne,25,46215,Sales,TV Series
312,Sherlock Holmes,21,74500,Marketing,TV Series
313,Walter White,48,106525,Operations,TV Series
314,Sherlock Holmes,47,77512,Finance,Movie
315,Hermione Granger,23,72642,Marketing,Movie
316,Thomas Shelby,25,80078,Marketing,Movie
317,Ron Weasley,26,63780,Finance,Movie
318,Yennefer,54,103741,Sales,TV Series
319,Jon Snow,33,91064,Operations,TV Series
320,Sasuke Uchiha,38,105078,Sales,TV Series
321,Sherlock Holmes,37,66551,Operations,Movie
322,Yennefer,57,38093,Engineering,Movie
323,Michael Scofield,39,88430,Marketing,TV Series
324,Arya Stark,21,115730,Marketing,Movie
325,Tyrion Lannister,39,50451,Sales,TV Series
326,Sasuke Uchiha,23,117915,Finance,Movie
327,Sasuke Uchiha,52,30662,Marketing,Movie
328,Saul Goodman,19,70276,Marketing,Movie
329,Geralt of Rivia,22,55078,Engineering,Movie
330,Tony Stark,19,60214,Operations,TV Series
331,Jesse Pinkman,37,108064,Marketing,Movie
332,Harry Potter,23,90806,Sales,Movie
333,Peter Parker,53,75184,Engineering,TV Series
334,Kakashi Hatake,18,80788,Finance,TV Series
335,Arthur Shelby,50,69391,Data,TV Series
336,Thomas Shelby,37,140211,Finance,TV Series
337,Yennefer,44,113661,Sales,Movie
338,Tyrion Lannister,39,117951,Finance,TV Series
339,Arya Stark,35,147585,Engineering,TV Series
340,Jesse Pinkman,60,125587,Operations,TV Series
341,Daenerys Targaryen,47,111562,Marketing,Movie
342,Sherlock Holmes,29,46003,Engineering,TV Series
343,Ron Weasley,47,148178,Finance,TV Series
344,Tony Stark,42,43660,Data,Movie
345,Sherlock Holmes,27,63003,Data,Movie
346,Kakashi Hatake,57,47019,Sales,Movie
347,Harry Potter,42,76248,Sales,Movie
348,Peter Parker,46,136986,Marketing,Movie
349,Yennefer,22,83102,Finance,Movie
350,Jon Snow,57,86993,Finance,TV Series
351,Tyrion Lannister,53,67623,Sales,TV Series
352,Ciri,35,131049,Marketing,Movie
353,Thomas Shelby,51,36608,Data,TV Series
354,Arya Stark,57,49633,Marketing,TV Series
355,Arya Stark,18,94869,Data,TV Series
356,Arthur Shelby,47,71680,Data,TV Series
357,Ciri,58,92404,Engineering,TV Series
358,Naruto Uzumaki,43,63891,Operations,Movie
359,Michael Scofield,43,63942,Operations,Movie
360,Jon Snow,38,58334,Sales,TV Series
361,Sasuke Uchiha,46,88487,Operations,TV Series
362,Thomas Shelby,49,103171,Engineering,Movie
363,Thomas Shelby,21,101797,Engineering,Movie
364,Ron Weasley,43,107261,Sales,Movie
365,Arya Stark,47,100070,Operations,TV Series
366,Ciri,47,32640,Operations,TV Series
367,Bruce Wayne,43,103155,Sales,Movie
368,Naruto Uzumaki,26,87734,Marketing,Movie
369,Jesse Pinkman,45,82847,Marketing,Movie
370,Bruce Wayne,43,48925,Engineering,Movie
371,Michael Scofield,27,55029,Operations,TV Series
372,Arya Stark,38,89666,Sales,Movie
373,Geralt of Rivia,38,108073,Finance,Movie
374,Thomas Shelby,21,135870,Data,Movie
375,Sasuke Uchiha,46,101661,Finance,Movie
376,Harry Potter,25,149619,Data,TV Series
377,Thomas Shelby,35,35823,Marketing,TV Series
378,Tony Stark,23,32817,Marketing,TV Series
379,John Watson,36,46801,Sales,TV Series
380,Saul Goodman,23,141522,Engineering,Movie
381,Peter Parker,20,82744,Engineering,TV Series
382,Sasuke Uchiha,23,94162,Data,Movie
383,Bruce Wayne,56,100365,Sales,Movie
384,Jesse Pinkman,44,42295,Data,Movie
385,Naruto Uzumaki,25,70928,Operations,Movie
386,John Watson,39,117393,Operations,TV Series
387,Jon Snow,36,112290,Data,TV Series
388,Thomas Shelby,44,41710,Data,TV Series
389,Jon Snow,20,145388,Data,Movie
390,Peter Parker,26,41067,Finance,TV Series
391,Arya Stark,53,129951,Finance,Movie
392,Saul Goodman,57,71837,Data,Movie
393,Sherlock Holmes,42,149686,Data,TV Series
394,Walter White,48,87775,Operations,Movie
395,Ciri,57,118711,Marketing,TV Series
396,John Watson,19,59858,Data,TV Series
397,Jon Snow,23,128205,Engineering,TV Series
398,Kakashi Hatake,43,47189,Data,TV Series
399,Ciri,43,87692,Marketing,TV Series
400,John Watson,42,71311,Sales,TV Series
401,Geralt of Rivia,39,62947,Engineering,TV Series
402,Sasuke Uchiha,28,49465,Operations,TV Series
403,Hermione Granger,28,84055,Operations,TV Series
404,Jesse Pinkman,39,73013,Engineering,TV Series
405,Michael Scofield,44,106776,Operations,TV Series
406,Yennefer,21,94007,Sales,TV Series
407,Sherlock Holmes,27,97006,Finance,TV Series
408,Thomas Shelby,54,91603,Data,Movie
409,Arthur Shelby,54,79066,Sales,Movie
410,Kakashi Hatake,27,139573,Operations,TV Series
411,Tyrion Lannister,26,94818,Marketing,TV Series
412,Kakashi Hatake,32,82873,Operations,TV Series
413,Arya Stark,48,110946,Marketing,TV Series
414,Yennefer,47,92244,Sales,Movie
415,Michael Scofield,35,99543,Data,TV Series
416,Ciri,39,108792,Engineering,TV Series
417,Walter White,45,108511,Marketing,TV Series
418,Yennefer,56,39622,Engineering,Movie
419,Sherlock Holmes,52,136833,Operations,TV Series
420,Walter White,35,76117,Marketing,Movie
421,Arya Stark,24,111383,Finance,Movie
422,Arthur Shelby,54,112285,Marketing,TV Series
423,Harry Potter,28,65580,Sales,TV Series
424,Peter Parker,37,131964,Finance,TV Series
425,Jon Snow,50,40639,Marketing,TV Series
426,Jesse Pinkman,47,104877,Sales,Movie
427,Geralt of Rivia,44,80634,Data,TV Series
428,Geralt of Rivia,44,66790,Operations,TV Series
429,Michael Scofield,50,116004,Data,TV Series
430,Kakashi Hatake,40,123080,Finance,TV Series
431,Hermione Granger,23,56834,Sales,TV Series
432,Thomas Shelby,48,101343,Data,TV Series
433,Harry Potter,53,100328,Engineering,TV Series
434,Daenerys Targaryen,26,119344,Marketing,Movie
435,Sasuke Uchiha,42,56209,Marketing,Movie
436,Jon Snow,35,117245,Finance,Movie
437,Bruce Wayne,42,63283,Data,TV Series
438,Jon Snow,25,142620,Data,TV Series
439,Thomas Shelby,31,67474,Marketing,Movie
440,Harry Potter,39,53526,Finance,Movie
441,Kakashi Hatake,57,133049,Finance,TV Series
442,Geralt of Rivia,24,133359,Operations,Movie
443,Ron Weasley,43,40655,Finance,TV Series
444,Tony Stark,28,121536,Sales,Movie
445,Sherlock Holmes,45,96967,Marketing,Movie
446,Ciri,49,37684,Data,TV Series
447,Arthur Shelby,27,85323,Operations,Movie
448,Ron Weasley,49,52394,Operations,Movie
449,Michael Scofield,41,99156,Sales,TV Series
450,Sasuke Uchiha,19,89398,Finance,TV Series
451,Walter White,27,119180,Data,TV Series
452,Naruto Uzumaki,25,81245,Finance,TV Series
453,Sherlock Holmes,19,76615,Engineering,Movie
454,Thomas Shelby,28,44584,Operations,TV Series
455,Saul Goodman,57,79280,Data,TV Series
456,Daenerys Targaryen,20,144927,Data,TV Series
457,Sasuke Uchiha,40,111179,Data,TV Series
458,Tyrion Lannister,50,123612,Marketing,Movie
459,Hermione Granger,59,108537,Sales,TV Series
460,Hermione Granger,20,135369,Operations,Movie
461,Kakashi Hatake,59,46826,Sales,Movie
462,Bruce Wayne,44,86771,Engineering,Movie
463,Daenerys Targaryen,25,128189,Operations,TV Series
464,Ron Weasley,48,102109,Finance,Movie
465,Arthur Shelby,36,78938,Finance,TV Series
466,Jon Snow,36,108333,Operations,TV Series
467,Michael Scofield,55,114428,Engineering,Movie
468,Michael Scofield,58,36653,Finance,Movie
469,John Watson,55,110860,Finance,TV Series
470,Naruto Uzumaki,56,93627,Sales,TV Series
471,Bruce Wayne,34,81768,Marketing,Movie
472,Arya Stark,27,101050,Operations,TV Series
473,Sherlock Holmes,35,52475,Finance,TV Series
474,Saul Goodman,26,38874,Operations,TV Series
475,Peter Parker,48,146215,Operations,Movie
476,Geralt of Rivia,41,57369,Marketing,Movie
477,Harry Potter,29,53694,Data,Movie
478,Sherlock Holmes,55,124416,Operations,TV Series
479,Kakashi Hatake,25,115025,Data,Movie
480,Geralt of Rivia,60,42144,Marketing,TV Series
481,Ron Weasley,40,31978,Finance,Movie
482,Tyrion Lannister,52,39341,Finance,Movie
483,Geralt of Rivia,29,34745,Operations,TV Series
484,Naruto Uzumaki,26,123576,Marketing,TV Series
485,Yennefer,30,104345,Marketing,TV Series
486,Jesse Pinkman,36,116010,Engineering,Movie
487,Kakashi Hatake,41,37844,Data,TV Series
488,Jon Snow,56,134251,Finance,TV Series
489,Tony Stark,55,76273,Data,Movie
490,Jesse Pinkman,25,70333,Operations,Movie
491,Saul Goodman,36,32891,Data,TV Series
492,Sasuke Uchiha,19,54716,Marketing,Movie
493,Jon Snow,34,32545,Marketing,Movie
494,Bruce Wayne,44,88564,Finance,TV Series
495,Jon Snow,60,59391,Data,Movie
496,Walter White,22,111931,Finance,Movie
497,John Watson,20,108256,Engineering,Movie
498,Ron Weasley,48,113631,Sales,Movie
499,Bruce Wayne,31,42860,Operations,TV Series
500,Thomas Shelby,45,94228,Data,TV Series
501,Harry Potter,60,139053,Sales,TV Series
502,Harry Potter,35,99652,Finance,TV Series
503,Geralt of Rivia,29,104378,Sales,TV Series
504,Sasuke Uchiha,32,72418,Marketing,Movie
505,Daenerys Targaryen,60,38922,Data,Movie
506,Sasuke Uchiha,49,47614,Operations,Movie
507,Tyrion Lannister,57,42948,Engineering,TV Series
508,Jon Snow,56,34721,Engineering,Movie
509,Peter Parker,45,59936,Marketing,TV Series
510,Arthur Shelby,46,39940,Operations,Movie
511,Daenerys Targaryen,53,65461,Sales,Movie
512,Ron Weasley,19,114346,Operations,TV Series
513,Sasuke Uchiha,30,44026,Sales,TV Series
514,Peter Parker,56,101592,Finance,Movie
515,Michael Scofield,26,145813,Finance,Movie
516,Sherlock Holmes,38,68361,Data,Movie
517,Peter Parker,57,62710,Data,TV Series
518,Arthur Shelby,44,45642,Marketing,Movie
519,Michael Scofield,49,65879,Sales,TV Series
520,Tyrion Lannister,39,148005,Marketing,Movie
521,Arthur Shelby,23,33634,Operations,TV Series
522,Walter White,41,57624,Operations,TV Series
523,Jesse Pinkman,21,68940,Engineering,TV Series
524,Sherlock Holmes,40,32718,Engineering,Movie
525,Peter Parker,23,55307,Data,Movie
526,Sasuke Uchiha,41,85280,Finance,TV Series
527,Sherlock Holmes,58,134315,Finance,TV Series
528,Daenerys Targaryen,33,66756,Operations,Movie
529,John Watson,57,31121,Sales,Movie
530,Daenerys Targaryen,41,134241,Marketing,Movie
531,Arthur Shelby,32,135686,Finance,Movie
532,Kakashi Hatake,23,144025,Sales,Movie
533,Daenerys Targaryen,54,103814,Marketing,Movie
534,Ciri,52,46828,Operations,Movie
535,Tony Stark,57,141827,Sales,Movie
536,Sasuke Uchiha,42,42115,Engineering,Movie
537,Hermione Granger,28,65338,Data,Movie
538,Harry Potter,40,77955,Operations,TV Series
539,Arthur Shelby,20,40761,Operations,TV Series
540,Daenerys Targaryen,21,130023,Finance,Movie
541,Tyrion Lannister,59,123609,Engineering,TV Series
542,Sherlock Holmes,27,57136,Finance,TV Series
543,Arthur Shelby,20,89595,Operations,Movie
544,Kakashi Hatake,38,52920,Data,TV Series
545,Yennefer,41,127023,Finance,Movie
546,Arya Stark,52,120288,Sales,TV Series
547,Thomas Shelby,41,51754,Finance,TV Series
548,Hermione Granger,19,138235,Data,Movie
549,Ciri,51,56258,Sales,Movie
550,John Watson,58,99712,Engineering,TV Series
551,Bruce Wayne,41,91538,Finance,Movie
552,Daenerys Targaryen,31,84177,Sales,TV Series
553,Jesse Pinkman,25,111774,Sales,TV Series
554,John Watson,32,70264,Data,Movie
555,Thomas Shelby,45,118954,Sales,Movie
556,Saul Goodman,25,127911,Operations,TV Series
557,Sherlock Holmes,31,92286,Engineering,TV Series
558,Geralt of Rivia,26,113550,Finance,TV Series
559,Thomas Shelby,59,78581,Engineering,Movie
560,Bruce Wayne,28,33107,Finance,Movie
561,Sasuke Uchiha,25,95946,Sales,TV Series
562,Jesse Pinkman,44,38171,Finance,TV Series
563,Tony Stark,35,41780,Finance,TV Series
564,Daenerys Targaryen,48,111432,Sales,Movie
565,Yennefer,46,138019,Finance,TV Series
566,Peter Parker,56,43632,Finance,TV Series
567,Peter Parker,23,36906,Engineering,TV Series
568,Sasuke Uchiha,22,72956,Sales,TV Series
569,Jon Snow,29,133599,Data,Movie
570,Saul Goodman,22,58859,Marketing,Movie
571,Sherlock Holmes,34,58292,Finance,Movie
572,Tyrion Lannister,57,130568,Marketing,Movie
573,Daenerys Targaryen,36,105634,Data,Movie
574,Sasuke Uchiha,32,43989,Finance,TV Series
575,Hermione Granger,29,131950,Sales,TV Series
576,Peter Parker,33,74694,Data,Movie
577,Ciri,36,138343,Operations,TV Series
578,Naruto Uzumaki,23,63716,Operations,Movie
579,Arthur Shelby,57,50378,Operations,Movie
580,Ron Weasley,31,61640,Data,Movie
581,Ciri,57,119577,Finance,TV Series
582,Kakashi Hatake,48,103101,Sales,Movie
583,Arya Stark,55,59008,Operations,TV Series
584,Ron Weasley,27,74248,Data,TV Series
585,Yennefer,30,34558,Operations,Movie
586,Thomas Shelby,22,103973,Operations,Movie
587,Arya Stark,42,145637,Data,Movie
588,Naruto Uzumaki,48,76646,Marketing,Movie
589,Hermione Granger,31,70485,Sales,Movie
590,Kakashi Hatake,41,52103,Finance,Movie
591,Sasuke Uchiha,53,101126,Operations,Movie
592,Peter Parker,32,49327,Engineering,TV Series
593,Jesse Pinkman,30,74786,Sales,TV Series
594,Jesse Pinkman,20,130393,Finance,Movie
595,Hermione Granger,45,98865,Sales,TV Series
596,Tony Stark,57,83330,Data,Movie
597,Harry Potter,18,125521,Sales,TV Series
598,Walter White,45,80267,Marketing,TV Series
599,Peter Parker,39,78029,Engineering,TV Series
600,Harry Potter,40,55485,Operations,TV Series
601,Geralt of Rivia,25,145091,Operations,Movie
602,Harry Potter,25,131038,Engineering,Movie
603,Jesse Pinkman,47,45330,Engineering,TV Series
604,Sherlock Holmes,29,131128,Finance,Movie
605,Sherlock Holmes,36,142669,Operations,Movie
606,Kakashi Hatake,27,97921,Marketing,TV Series
607,Arthur Shelby,49,123925,Marketing,TV Series
608,Yennefer,19,47739,Engineering,Movie
609,Tyrion Lannister,21,136454,Marketing,Movie
610,Michael Scofield,31,141135,Marketing,TV Series
611,Arya Stark,34,99675,Finance,TV Series
612,Hermione Granger,46,92943,Marketing,Movie
613,Michael Scofield,39,83038,Sales,Movie
614,Arthur Shelby,21,110355,Engineering,Movie
615,Saul Goodman,60,104981,Marketing,TV Series
616,Naruto Uzumaki,37,115530,Marketing,TV Series
617,Peter Parker,60,84092,Marketing,TV Series
618,Thomas Shelby,29,88649,Operations,Movie
619,Michael Scofield,40,144977,Operations,Movie
620,Sasuke Uchiha,41,93367,Data,Movie
621,Arya Stark,46,101574,Operations,TV Series
622,Bruce Wayne,51,146204,Sales,TV Series
623,Hermione Granger,57,116016,Sales,TV Series
624,Daenerys Targaryen,21,135982,Marketing,TV Series
625,Yennefer,28,61217,Finance,TV Series
626,Sherlock Holmes,33,102402,Data,Movie
627,Hermione Granger,35,139554,Data,TV Series
628,Jesse Pinkman,31,100820,Engineering,Movie
629,Bruce Wayne,60,118819,Finance,Movie
630,Michael Scofield,41,35645,Sales,Movie
631,Tyrion Lannister,43,44127,Operations,Movie
632,Jesse Pinkman,38,75324,Engineering,TV Series
633,Tony Stark,36,139522,Data,TV Series
634,Tyrion Lannister,52,82853,Marketing,Movie
635,Arthur Shelby,37,39456,Engineering,Movie
636,Arya Stark,44,42239,Sales,Movie
637,Harry Potter,49,48674,Sales,TV Series
638,Tyrion Lannister,43,142300,Marketing,TV Series
639,Sasuke Uchiha,59,129910,Operations,Movie
640,Michael Scofield,25,121040,Operations,Movie
641,Jesse Pinkman,49,67967,Marketing,TV Series
642,Bruce Wayne,24,136561,Marketing,TV Series
643,Tyrion Lannister,33,94888,Data,TV Series
644,Hermione Granger,31,80111,Engineering,TV Series
645,Ciri,30,105401,Engineering,TV Series
646,Harry Potter,42,54576,Data,TV Series
647,Jon Snow,39,100571,Engineering,TV Series
648,Geralt of Rivia,43,33849,Finance,TV Series
649,Jesse Pinkman,59,141197,Data,TV Series
650,Geralt of Rivia,18,133731,Finance,Movie
651,Arya Stark,21,35214,Marketing,Movie
652,Arthur Shelby,36,66652,Data,TV Series
653,Bruce Wayne,48,35557,Data,TV Series
654,Tyrion Lannister,23,99308,Operations,Movie
655,Yennefer,37,70615,Finance,Movie
656,Sherlock Holmes,50,105792,Engineering,TV Series
657,Sherlock Holmes,25,125228,Data,Movie
658,Hermione Granger,46,48833,Sales,Movie
659,Bruce Wayne,36,51805,Engineering,Movie
660,Saul Goodman,30,103201,Finance,Movie
661,Michael Scofield,51,142572,Sales,TV Series
662,Walter White,33,146665,Engineering,TV Series
663,Peter Parker,48,30667,Finance,Movie
664,Ciri,37,36942,Engineering,Movie
665,Yennefer,56,88228,Engineering,Movie
666,Naruto Uzumaki,56,30574,Engineering,Movie
667,Naruto Uzumaki,27,40976,Data,TV Series
668,Saul Goodman,26,125107,Data,Movie
669,Arthur Shelby,35,48897,Engineering,TV Series
670,Yennefer,27,149418,Data,Movie
671,Tony Stark,56,76623,Operations,Movie
672,Jesse Pinkman,18,49779,Operations,TV Series
673,Saul Goodman,59,66412,Sales,TV Series
674,Harry Potter,52,71599,Data,Movie
675,Arya Stark,21,109743,Sales,Movie
676,Thomas Shelby,40,138663,Operations,TV Series
677,Harry Potter,19,107473,Operations,TV Series
678,Tony Stark,35,73352,Engineering,Movie
679,Ron Weasley,58,84965,Engineering,Movie
680,Arthur Shelby,57,126666,Marketing,TV Series
681,Michael Scofield,39,139671,Finance,Movie
682,John Watson,60,62225,Sales,TV Series
683,Geralt of Rivia,53,89357,Marketing,TV Series
684,Arya Stark,25,100241,Data,TV Series
685,Kakashi Hatake,35,110155,Operations,TV Series
686,Tyrion Lannister,52,95662,Marketing,Movie
687,Geralt of Rivia,48,120007,Operations,TV Series
688,Jon Snow,52,99353,Engineering,TV Series
689,Sherlock Holmes,56,77844,Finance,Movie
690,Michael Scofield,43,94305,Sales,Movie
691,Peter Parker,54,96440,Data,TV Series
692,Arya Stark,33,77995,Finance,TV Series
693,John Watson,33,69250,Engineering,Movie
694,Arthur Shelby,27,121824,Sales,TV Series
695,Ciri,37,93685,Engineering,Movie
696,Hermione Granger,26,111854,Data,Movie
697,Tyrion Lannister,39,141503,Finance,TV Series
698,Bruce Wayne,55,43340,Marketing,Movie
699,Harry Potter,57,124915,Data,TV Series
700,Hermione Granger,39,30767,Engineering,Movie
701,Harry Potter,56,145847,Marketing,TV Series
702,Geralt of Rivia,41,48594,Operations,TV Series
703,Daenerys Targaryen,47,110230,Operations,Movie
704,Yennefer,31,119237,Operations,TV Series
705,Arthur Shelby,32,74209,Finance,TV Series
706,Tony Stark,23,98193,Sales,Movie
707,Sasuke Uchiha,53,138021,Operations,Movie
708,Saul Goodman,40,110548,Engineering,TV Series
709,Kakashi Hatake,43,52469,Sales,Movie
710,Naruto Uzumaki,24,33410,Engineering,TV Series
711,Thomas Shelby,40,148683,Sales,TV Series
712,Daenerys Targaryen,56,54660,Operations,Movie
713,Harry Potter,58,36744,Data,TV Series
714,Kakashi Hatake,32,60495,Engineering,TV Series
715,Ciri,33,55127,Finance,TV Series
716,Kakashi Hatake,58,34004,Operations,TV Series
717,John Watson,46,141301,Engineering,Movie
718,Jesse Pinkman,27,40463,Sales,TV Series
719,Arya Stark,48,112297,Operations,Movie
720,Tyrion Lannister,56,89336,Engineering,TV Series
721,Jesse Pinkman,41,77785,Engineering,Movie
722,Tony Stark,21,135789,Finance,TV Series
723,Sherlock Holmes,33,141516,Engineering,TV Series
724,Daenerys Targaryen,22,139759,Marketing,TV Series
725,Arya Stark,24,139116,Sales,Movie
726,John Watson,35,128382,Finance,TV Series
727,John Watson,57,140971,Data,TV Series
728,Saul Goodman,55,115638,Operations,TV Series
729,Arya Stark,33,126599,Data,Movie
730,Geralt of Rivia,46,100280,Finance,Movie
731,Hermione Granger,21,35055,Finance,TV Series
732,Arthur Shelby,19,129692,Data,Movie
733,John Watson,39,143485,Data,Movie
734,Tyrion Lannister,47,64365,Sales,Movie
735,Arthur Shelby,51,50253,Finance,Movie
736,Sasuke Uchiha,58,109889,Sales,Movie
737,Hermione Granger,42,84225,Engineering,TV Series
738,Bruce Wayne,58,99571,Sales,TV Series
739,Tony Stark,46,145083,Engineering,Movie
740,Jon Snow,22,101312,Engineering,Movie
741,Naruto Uzumaki,48,118946,Sales,Movie
742,Michael Scofield,37,145127,Data,Movie
743,Geralt of Rivia,24,131360,Marketing,Movie
744,Daenerys Targaryen,48,143429,Marketing,TV Series
745,Tyrion Lannister,47,55055,Data,Movie
746,Arya Stark,21,66521,Operations,TV Series
747,Yennefer,39,42636,Finance,Movie
748,Hermione Granger,33,107268,Engineering,TV Series
749,Sherlock Holmes,20,87098,Sales,Movie
750,Arthur Shelby,47,33236,Marketing,Movie
751,Bruce Wayne,43,130467,Engineering,Movie
752,Michael Scofield,54,39629,Operations,Movie
753,John Watson,41,66405,Marketing,Movie
754,Peter Parker,43,140731,Sales,Movie
755,Ron Weasley,45,88053,Engineering,TV Series
756,Saul Goodman,46,43562,Engineering,Movie
757,Tony Stark,38,53764,Operations,Movie
758,Peter Parker,60,37685,Finance,TV Series
759,Saul Goodman,19,82524,Finance,Movie
760,Hermione Granger,34,89221,Finance,Movie
761,Jesse Pinkman,52,131331,Finance,Movie
762,Michael Scofield,24,128806,Data,TV Series
763,Sherlock Holmes,58,46581,Sales,Movie
764,Geralt of Rivia,18,80398,Marketing,Movie
765,Peter Parker,42,113074,Engineering,Movie
766,Jesse Pinkman,24,107461,Marketing,TV Series
767,John Watson,60,138864,Finance,Movie
768,Arya Stark,42,111894,Finance,Movie
769,Hermione Granger,29,86566,Data,TV Series
770,Ron Weasley,46,127494,Sales,TV Series
771,John Watson,24,59411,Data,TV Series
772,Saul Goodman,36,49911,Sales,Movie
773,Arthur Shelby,59,57717,Finance,Movie
774,Tony Stark,59,135918,Engineering,TV Series
775,Hermione Granger,22,100842,Marketing,TV Series
776,Jon Snow,34,57892,Engineering,Movie
777,Ciri,48,123259,Data,TV Series
778,Bruce Wayne,51,93445,Finance,TV Series
779,Bruce Wayne,42,90837,Sales,TV Series
780,Saul Goodman,28,74652,Data,Movie
781,Tony Stark,50,62263,Engineering,Movie
782,Geralt of Rivia,57,32099,Sales,TV Series
783,Jon Snow,48,128686,Operations,Movie
784,Peter Parker,42,114696,Finance,TV Series
785,Walter White,18,62145,Engineering,Movie
786,Ciri,39,129136,Operations,TV Series
787,Arthur Shelby,30,149083,Operations,Movie
788,John Watson,20,82466,Finance,Movie
789,Thomas Shelby,41,61270,Operations,Movie
790,Thomas Shelby,54,137537,Engineering,Movie
791,Jon Snow,41,141670,Engineering,TV Series
792,Walter White,58,98638,Sales,Movie
793,Daenerys Targaryen,23,85517,Data,TV Series
794,Kakashi Hatake,60,81101,Sales,TV Series
795,Ron Weasley,42,104025,Operations,TV Series
796,Jesse Pinkman,21,49464,Data,Movie
797,Walter White,25,43668,Marketing,Movie
798,Walter White,28,62995,Marketing,TV Series
799,Sherlock Holmes,45,116042,Engineering,Movie
800,Arthur Shelby,50,119734,Sales,Movie
801,Ciri,39,144710,Finance,TV Series
802,Kakashi Hatake,47,100873,Data,TV Series
803,Sasuke Uchiha,45,101623,Operations,Movie
804,Jon Snow,31,129468,Data,TV Series
805,Walter White,33,45420,Marketing,Movie
806,Bruce Wayne,60,71834,Data,Movie
807,Geralt of Rivia,48,49638,Operations,TV Series
808,Jesse Pinkman,19,91815,Data,TV Series
809,Geralt of Rivia,49,106355,Operations,Movie
810,Peter Parker,29,112035,Operations,TV Series
811,Peter Parker,35,128090,Operations,TV Series
812,Harry Potter,55,33134,Marketing,TV Series
813,Jesse Pinkman,58,143753,Sales,Movie
814,Naruto Uzumaki,44,85457,Engineering,Movie
815,Hermione Granger,33,50952,Sales,TV Series
816,Naruto Uzumaki,42,131357,Sales,TV Series
817,John Watson,27,51702,Marketing,TV Series
818,Jesse Pinkman,22,109808,Engineering,Movie
819,Hermione Granger,46,114111,Engineering,Movie
820,Sherlock Holmes,42,113444,Engineering,TV Series
821,Naruto Uzumaki,32,92411,Operations,Movie
822,Tony Stark,20,57408,Marketing,Movie
823,Hermione Granger,36,41231,Marketing,Movie
824,Geralt of Rivia,48,35425,Marketing,Movie
825,Sherlock Holmes,24,138891,Operations,Movie
826,Arya Stark,32,117304,Marketing,TV Series
827,Bruce Wayne,33,80961,Sales,TV Series
828,Kakashi Hatake,52,99725,Sales,TV Series
829,Michael Scofield,58,86793,Engineering,TV Series
830,Ciri,19,146746,Finance,Movie
831,Geralt of Rivia,36,39853,Data,TV Series
832,Sasuke Uchiha,21,116810,Finance,Movie
833,Geralt of Rivia,45,139626,Data,TV Series
834,John Watson,29,32737,Finance,TV Series
835,Naruto Uzumaki,33,126468,Engineering,TV Series
836,Peter Parker,56,71941,Sales,TV Series
837,Arthur Shelby,56,79018,Sales,Movie
838,Michael Scofield,44,127443,Data,TV Series
839,Geralt of Rivia,48,133296,Sales,Movie
840,Thomas Shelby,56,110480,Data,Movie
841,Jon Snow,27,50046,Sales,TV Series
842,Michael Scofield,30,99031,Engineering,TV Series
843,Naruto Uzumaki,50,52199,Engineering,TV Series
844,Arya Stark,31,124834,Finance,Movie
845,Yennefer,27,83136,Engineering,Movie
846,Thomas Shelby,53,116374,Data,TV Series
847,Walter White,26,136495,Marketing,TV Series
848,Geralt of Rivia,25,89619,Engineering,TV Series
849,Harry Potter,60,116718,Operations,Movie
850,Walter White,27,50836,Finance,TV Series
851,Yennefer,53,80134,Operations,TV Series
852,Sasuke Uchiha,18,51059,Sales,TV Series
853,Michael Scofield,34,85475,Engineering,Movie
854,Walter White,45,108428,Marketing,TV Series
855,Geralt of Rivia,54,89572,Operations,Movie
856,Michael Scofield,37,100016,Operations,TV Series
857,Harry Potter,57,45291,Marketing,Movie
858,John Watson,24,65315,Finance,TV Series
859,Tyrion Lannister,56,117526,Engineering,Movie
860,Bruce Wayne,49,51928,Engineering,Movie
861,John Watson,36,49134,Sales,Movie
862,Thomas Shelby,18,35799,Operations,Movie
863,Geralt of Rivia,30,71679,Engineering,Movie
864,Saul Goodman,58,119402,Data,TV Series
865,Kakashi Hatake,55,98362,Operations,Movie
866,Arthur Shelby,55,36805,Sales,Movie
867,Bruce Wayne,26,80079,Finance,Movie
868,Saul Goodman,59,139170,Marketing,Movie
869,Sasuke Uchiha,28,80266,Marketing,TV Series
870,Walter White,36,85031,Finance,TV Series
871,Michael Scofield,46,75524,Engineering,Movie
872,Yennefer,45,72935,Data,Movie
873,Harry Potter,26,142202,Operations,Movie
874,Naruto Uzumaki,27,79269,Sales,TV Series
875,Arya Stark,32,60267,Operations,TV Series
876,Bruce Wayne,25,91407,Finance,Movie
877,Daenerys Targaryen,43,76673,Marketing,TV Series
878,Tyrion Lannister,44,86046,Finance,Movie
879,Tyrion Lannister,29,132170,Sales,TV Series
880,Arya Stark,60,64680,Finance,TV Series
881,John Watson,39,92065,Engineering,TV Series
882,Sherlock Holmes,39,70404,Marketing,TV Series
883,Tony Stark,55,122517,Finance,TV Series
884,Thomas Shelby,44,76075,Data,Movie
885,Bruce Wayne,53,103885,Operations,TV Series
886,Thomas Shelby,60,145452,Engineering,Movie
887,Bruce Wayne,28,68782,Marketing,Movie
888,Sherlock Holmes,39,98472,Engineering,TV Series
889,Saul Goodman,30,73306,Finance,Movie
890,Geralt of Rivia,42,119260,Marketing,Movie
891,Thomas Shelby,40,97593,Engineering,Movie
892,Yennefer,59,132609,Engineering,Movie
893,Bruce Wayne,34,135060,Finance,Movie
894,Peter Parker,22,39397,Engineering,TV Series
895,Bruce Wayne,26,113265,Sales,Movie
896,Tyrion Lannister,51,129957,Finance,TV Series
897,Geralt of Rivia,53,57938,Data,TV Series
898,Naruto Uzumaki,44,119595,Data,TV Series
899,Geralt of Rivia,51,103597,Finance,Movie
900,Saul Goodman,36,80826,Sales,Movie
901,Tony Stark,53,44091,Operations,TV Series
902,Hermione Granger,25,91112,Engineering,Movie
903,Daenerys Targaryen,22,101043,Marketing,Movie
904,Arya Stark,33,62649,Finance,Movie
905,Naruto Uzumaki,58,148117,Marketing,TV Series
906,Thomas Shelby,58,115242,Engineering,TV Series
907,Sherlock Holmes,28,79971,Engineering,TV Series
908,Kakashi Hatake,28,33122,Sales,Movie
909,Naruto Uzumaki,54,144424,Sales,Movie
910,Ciri,32,64164,Marketing,TV Series
911,Harry Potter,33,82697,Data,TV Series
912,Hermione Granger,34,44425,Marketing,TV Series
913,Kakashi Hatake,54,89574,Finance,Movie
914,John Watson,44,146669,Marketing,Movie
915,Ron Weasley,26,144773,Marketing,Movie
916,John Watson,27,30471,Data,Movie
917,John Watson,53,33114,Sales,Movie
918,Sasuke Uchiha,27,74123,Engineering,TV Series
919,Daenerys Targaryen,51,105003,Sales,TV Series
920,Thomas Shelby,55,103036,Engineering,Movie
921,Thomas Shelby,35,96225,Data,TV Series
922,Jon Snow,58,124398,Sales,Movie
923,Sherlock Holmes,49,116488,Finance,Movie
924,Yennefer,58,98001,Engineering,TV Series
925,Thomas Shelby,47,37788,Data,Movie
926,Geralt of Rivia,29,123442,Engineering,TV Series
927,Tony Stark,57,66684,Marketing,TV Series
928,Yennefer,22,34943,Data,TV Series
929,Walter White,25,60203,Sales,TV Series
930,Yennefer,40,61660,Engineering,Movie
931,Thomas Shelby,30,95628,Engineering,Movie
932,John Watson,56,84042,Operations,TV Series
933,Arya Stark,28,71052,Sales,TV Series
934,Kakashi Hatake,25,53561,Finance,TV Series
935,Naruto Uzumaki,42,137965,Data,Movie
936,Michael Scofield,31,54985,Engineering,TV Series
937,Saul Goodman,19,63728,Operations,TV Series
938,Tony Stark,25,123214,Sales,TV Series
939,Bruce Wayne,24,63437,Operations,TV Series
940,Thomas Shelby,51,63296,Marketing,Movie
941,Naruto Uzumaki,54,56053,Marketing,Movie
942,Sherlock Holmes,57,148760,Data,Movie
943,Saul Goodman,43,54317,Sales,Movie
944,Thomas Shelby,54,91428,Finance,Movie
945,Bruce Wayne,50,39709,Data,Movie
946,Jesse Pinkman,57,41614,Finance,Movie
947,Saul Goodman,26,139096,Finance,TV Series
948,Naruto Uzumaki,57,83441,Finance,TV Series
949,Tyrion Lannister,41,64642,Data,Movie
950,Jon Snow,34,57327,Finance,Movie
951,Tony Stark,21,95583,Finance,Movie
952,Peter Parker,23,63149,Engineering,TV Series
953,Saul Goodman,24,49085,Sales,Movie
954,Ron Weasley,59,143147,Sales,TV Series
955,Tyrion Lannister,25,127627,Sales,TV Series
956,Ciri,41,35320,Marketing,TV Series
957,Bruce Wayne,47,48816,Finance,Movie
958,Ron Weasley,41,81569,Operations,TV Series
959,Yennefer,48,147594,Data,Movie
960,Saul Goodman,40,97740,Operations,TV Series
961,Michael Scofield,39,54925,Finance,TV Series
962,Arthur Shelby,22,41029,Finance,TV Series
963,Tony Stark,56,75957,Finance,Movie
964,Jesse Pinkman,31,131352,Finance,Movie
965,Jon Snow,48,129025,Operations,Movie
966,Tyrion Lannister,52,108139,Data,TV Series
967,Jesse Pinkman,35,87690,Data,TV Series
968,Arthur Shelby,28,106667,Data,Movie
969,Geralt of Rivia,57,50826,Engineering,TV Series
970,Arthur Shelby,41,92406,Finance,Movie
971,Thomas Shelby,37,145782,Sales,TV Series
972,Sherlock Holmes,44,94356,Data,TV Series
973,Jon Snow,31,143271,Data,TV Series
974,Geralt of Rivia,18,75540,Operations,Movie
975,Ron Weasley,24,63108,Sales,Movie
976,Thomas Shelby,49,73412,Operations,TV Series
977,Ron Weasley,58,103244,Sales,TV Series
978,Arya Stark,30,111005,Operations,Movie
979,John Watson,35,48444,Marketing,Movie
980,Sasuke Uchiha,49,35685,Engineering,TV Series
981,Harry Potter,21,135920,Finance,TV Series
982,Thomas Shelby,56,58596,Sales,TV Series
983,Tyrion Lannister,48,101765,Engineering,Movie
984,Peter Parker,40,143949,Sales,Movie
985,John Watson,32,143782,Marketing,Movie
986,Tyrion Lannister,59,92806,Sales,TV Series
987,Jesse Pinkman,37,31528,Engineering,TV Series
988,Ron Weasley,46,77591,Data,TV Series
989,Walter White,29,55420,Engineering,Movie
990,Walter White,25,100498,Data,Movie
991,Jesse Pinkman,41,104478,Finance,TV Series
992,Arya Stark,45,49023,Marketing,TV Series
993,Peter Parker,27,136304,Finance,Movie
994,Tyrion Lannister,47,113410,Data,Movie
995,Arthur Shelby,50,54864,Data,Movie
996,Saul Goodman,27,134926,Marketing,TV Series
997,Kakashi Hatake,43,97732,Engineering,Movie
998,Tyrion Lannister,44,33976,Finance,TV Series
999,Sherlock Holmes,46,79495,Data,TV Series
1000,Tony Stark,20,55531,Engineering,Movie
1001,Prem,20,9000000,Engineering,Real
